hash,confirmations,strippedSize,size,weight,height,version,merkleRoot,txnCount,reward,txnFeeTotal,totalInputValue,totalOutputValue,time,nonce,bits,difficulty,previousBlockHash,nextBlockHash
00000000685ef1db98259f4ed1ae1605053f67379b4b4acc1d94e057f8426c4a,324910,216,216,864,31500,1,b40e77fc253a0f5bd28e7115c5f9a8b0b89d464f873f853184d0fd99df7af7ca,1,50,0,0,50,2009-12-25 07:14:47 -0500 EST,540822524,1d00ffff,1,00000000cc3b42e329628cd16faccae2464eebc801d57aa9b9f682619c87b4a1,00000000c6dba86cf0c50a87bbad2b158306150cd3c66be2c9734ff9b82b9419
00000000c6dba86cf0c50a87bbad2b158306150cd3c66be2c9734ff9b82b9419,324909,216,216,864,31501,1,0242f3ffcdf4da4622d78f084b9f0e98d5540b6240a610115de8ca9ee0ce4328,1,50,0,0,50,2009-12-25 07:20:16 -0500 EST,3489068807,1d00ffff,1,00000000685ef1db98259f4ed1ae1605053f67379b4b4acc1d94e057f8426c4a,00000000b7557a7581867ebc90a92a56e1ae64a0d6f526f7870321e27c5639f2
00000000b7557a7581867ebc90a92a56e1ae64a0d6f526f7870321e27c5639f2,324908,216,216,864,31502,1,664a607cd7042bb9a524b930cf2ead7e30b7ac6d494effb853427e8111b38859,1,50,0,0,50,2009-12-25 07:33:29 -0500 EST,248269057,1d00ffff,1,00000000c6dba86cf0c50a87bbad2b158306150cd3c66be2c9734ff9b82b9419,0000000028c660a8be97725de2336e0c4bf6964915ade76b81e68fbb46351720
0000000028c660a8be97725de2336e0c4bf6964915ade76b81e68fbb46351720,324907,216,216,864,31503,1,41442be3c7013ab17e7680bec19e9d1fd546d574a55dda3322b7344dbbd9953e,1,50,0,0,50,2009-12-25 07:38:41 -0500 EST,78804942,1d00ffff,1,00000000b7557a7581867ebc90a92a56e1ae64a0d6f526f7870321e27c5639f2,00000000ee85ab2a372989cda401e5c565eaa4a555373f5dcfe93a61ab181670
00000000ee85ab2a372989cda401e5c565eaa4a555373f5dcfe93a61ab181670,324906,216,216,864,31504,1,3ff89c62c69dfc6de5d5d1bd750ea46b2fcdd9cfcc0e74d021d81823da853f97,1,50,0,0,50,2009-12-25 07:56:17 -0500 EST,366608723,1d00ffff,1,0000000028c660a8be97725de2336e0c4bf6964915ade76b81e68fbb46351720,00000000dc16c87cb67cd1a6ed8a0b5d58b6078d747a48285433d96e0c76e2ea
00000000dc16c87cb67cd1a6ed8a0b5d58b6078d747a48285433d96e0c76e2ea,324905,216,216,864,31505,1,e06a43cce026b6162bf06c226dc49c09dbc562a3551d08f23a2861940f032961,1,50,0,0,50,2009-12-25 08:02:58 -0500 EST,87498666,1d00ffff,1,00000000ee85ab2a372989cda401e5c565eaa4a555373f5dcfe93a61ab181670,00000000d45eded46fdf062ab92f426397545d26c148f9bf918ed70e23868c63
00000000d45eded46fdf062ab92f426397545d26c148f9bf918ed70e23868c63,324904,215,215,860,31506,1,d0dc7e3eebba8acb04fc502f3f46fe71880dd7027642b1720f2253ca29d4da25,1,50,0,0,50,2009-12-25 08:14:15 -0500 EST,68003878,1d00ffff,1,00000000dc16c87cb67cd1a6ed8a0b5d58b6078d747a48285433d96e0c76e2ea,00000000c3baa55cae4ae5191299100866d5dfcd175eed363cc7384c92f6b2f0
00000000c3baa55cae4ae5191299100866d5dfcd175eed363cc7384c92f6b2f0,324903,216,216,864,31507,1,9210f9e2457f1ff61e24eba91778f147f3fe5381b0302c277c2529bd8d382b39,1,50,0,0,50,2009-12-25 08:19:22 -0500 EST,1682244377,1d00ffff,1,00000000d45eded46fdf062ab92f426397545d26c148f9bf918ed70e23868c63,00000000433e343fc2c2abf367edf244461c65fd9f43bd142f22fa1aac78bcdd
00000000433e343fc2c2abf367edf244461c65fd9f43bd142f22fa1aac78bcdd,324902,216,216,864,31508,1,914f9841cdfa61c2390020953453220bd26f559d9594012d930e9886bcc5a3a2,1,50,0,0,50,2009-12-25 08:26:16 -0500 EST,123790133,1d00ffff,1,00000000c3baa55cae4ae5191299100866d5dfcd175eed363cc7384c92f6b2f0,00000000ebe35ccda334ec14594f82426e138a95ec2cc5bbdea4d742aaef1001
00000000ebe35ccda334ec14594f82426e138a95ec2cc5bbdea4d742aaef1001,324901,216,216,864,31509,1,e8cd107957a5db361962c86f2d10f0bba86a64161e9a595c9d3e0933c6fd1a89,1,50,0,0,50,2009-12-25 08:40:10 -0500 EST,258246593,1d00ffff,1,00000000433e343fc2c2abf367edf244461c65fd9f43bd142f22fa1aac78bcdd,0000000069a05b989c4f2817e94573d32373e6cbcc13f7e5bb33f9d14f2e88d5
0000000069a05b989c4f2817e94573d32373e6cbcc13f7e5bb33f9d14f2e88d5,324900,216,216,864,31510,1,53fcdec67923a69a43d904c6aa9fb1fc31da88077fb206fa873774d95196c72b,1,50,0,0,50,2009-12-25 08:40:58 -0500 EST,14339909,1d00ffff,1,00000000ebe35ccda334ec14594f82426e138a95ec2cc5bbdea4d742aaef1001,000000008ed77edc1a85f04b467549c0889f7376272cb0a33045344c1e59d5c6
000000008ed77edc1a85f04b467549c0889f7376272cb0a33045344c1e59d5c6,324899,215,215,860,31511,1,9592567bb462e952e2c2cad0c602c541a65429900fef8ebbe66273d2aba2d6ad,1,50,0,0,50,2009-12-25 08:44:57 -0500 EST,65973224,1d00ffff,1,0000000069a05b989c4f2817e94573d32373e6cbcc13f7e5bb33f9d14f2e88d5,00000000db18064c6434fc5c0b00c0ff78b62eba141e654c0efa71a982a1d43a
00000000db18064c6434fc5c0b00c0ff78b62eba141e654c0efa71a982a1d43a,324898,216,216,864,31512,1,b19c0998697d145b0cf6b69bd050c5549632351e6031a6d072cda0bd6a507e7c,1,50,0,0,50,2009-12-25 08:46:47 -0500 EST,35881804,1d00ffff,1,000000008ed77edc1a85f04b467549c0889f7376272cb0a33045344c1e59d5c6,0000000002b24ff1950e5d8016211ecf87b624720332c5c2093c1141c13a970a
0000000002b24ff1950e5d8016211ecf87b624720332c5c2093c1141c13a970a,324897,216,216,864,31513,1,32189e28c53f8343a36db7b7e73ad7834099d1f21d4555e7d03dd941be35f99f,1,50,0,0,50,2009-12-25 08:57:41 -0500 EST,256195677,1d00ffff,1,00000000db18064c6434fc5c0b00c0ff78b62eba141e654c0efa71a982a1d43a,00000000cf40db66c027fec74b973778b566197d133f0682301781055e19b2be
00000000cf40db66c027fec74b973778b566197d133f0682301781055e19b2be,324896,216,216,864,31514,1,b9151bd9b82ac0ceab0b2f0a5684d60ebe9aca1a251a10d2b8f42e38cceaa373,1,50,0,0,50,2009-12-25 08:57:44 -0500 EST,908186,1d00ffff,1,0000000002b24ff1950e5d8016211ecf87b624720332c5c2093c1141c13a970a,0000000036c51277bcd8978075469a024cb6eb18e9f53e1e602ab96bc9d9b9ad
0000000036c51277bcd8978075469a024cb6eb18e9f53e1e602ab96bc9d9b9ad,324895,216,216,864,31515,1,4a871cdc9e90973b9c776e1fcbef88221aa95d47b72b7fd41bca68564e84431c,1,50,0,0,50,2009-12-25 09:28:58 -0500 EST,3892120854,1d00ffff,1,00000000cf40db66c027fec74b973778b566197d133f0682301781055e19b2be,000000001f3a04292f7f31c5e98417b37a3f87c305159d25a18ac75474bf632c
000000001f3a04292f7f31c5e98417b37a3f87c305159d25a18ac75474bf632c,324894,216,216,864,31516,1,4d34e5d2c3afb148879588e7b956c838e4728c0b47805e4075ed22eefe945312,1,50,0,0,50,2009-12-25 09:36:40 -0500 EST,136941743,1d00ffff,1,0000000036c51277bcd8978075469a024cb6eb18e9f53e1e602ab96bc9d9b9ad,000000003580451501c492032c06dc40f2c094554c4cafecfcce0cec2162fccf
000000003580451501c492032c06dc40f2c094554c4cafecfcce0cec2162fccf,324893,216,216,864,31517,1,e7cc83c19dee54d1f96e0f3752a046dd13e60ad2e7c2574c663be22dcf6b5e5d,1,50,0,0,50,2009-12-25 09:58:26 -0500 EST,513228339,1d00ffff,1,000000001f3a04292f7f31c5e98417b37a3f87c305159d25a18ac75474bf632c,00000000897a62f49ad52610af511c640497b968bc39dcc3406d5368493cc4c6
00000000897a62f49ad52610af511c640497b968bc39dcc3406d5368493cc4c6,324892,215,215,860,31518,1,72f70b4ab342f841dfb74585cddca8df4ab67f6d5bb870141cc01d5d08b438dc,1,50,0,0,50,2009-12-25 10:02:39 -0500 EST,90685350,1d00ffff,1,000000003580451501c492032c06dc40f2c094554c4cafecfcce0cec2162fccf,00000000b07056bc2efe21e01d2b55c260ddf9358e15ccaee6800466cc51412a
00000000b07056bc2efe21e01d2b55c260ddf9358e15ccaee6800466cc51412a,324891,215,215,860,31519,1,365bf3c8f32190628b6170c4cdf949b32ea662881f9919907d713271d87ad5ea,1,50,0,0,50,2009-12-25 10:18:33 -0500 EST,320197931,1d00ffff,1,00000000897a62f49ad52610af511c640497b968bc39dcc3406d5368493cc4c6,0000000071441b085d6d06e5c709e070a1761c65ef4a4cb38405a3fa1dc0ad83
0000000071441b085d6d06e5c709e070a1761c65ef4a4cb38405a3fa1dc0ad83,324890,216,216,864,31520,1,6b3755e001d114eb4b631100942c1faf50caeb77a006a4f7d3e9384aa76225f6,1,50,0,0,50,2009-12-25 10:20:22 -0500 EST,35700362,1d00ffff,1,00000000b07056bc2efe21e01d2b55c260ddf9358e15ccaee6800466cc51412a,00000000be74b61e9f1f72f7a26e0ff52e75120283f54b29a6450b8e4fc58cbf
00000000be74b61e9f1f72f7a26e0ff52e75120283f54b29a6450b8e4fc58cbf,324889,216,216,864,31521,1,3186f650f9a551ade9ee83e30c0cb4da85f74794b70d4cbdea7263fb6c88ed73,1,50,0,0,50,2009-12-25 10:32:03 -0500 EST,209488822,1d00ffff,1,0000000071441b085d6d06e5c709e070a1761c65ef4a4cb38405a3fa1dc0ad83,00000000c2e51a1ecc68e38caeb12e8fe31b65988f74a0cc7ef368cf4f485d3f
00000000c2e51a1ecc68e38caeb12e8fe31b65988f74a0cc7ef368cf4f485d3f,324888,216,216,864,31522,1,130b11c17381f95b90bb0c96fadd027bfd688b8525e4eee15cc7ea2f379bde6d,1,50,0,0,50,2009-12-25 10:42:21 -0500 EST,192382880,1d00ffff,1,00000000be74b61e9f1f72f7a26e0ff52e75120283f54b29a6450b8e4fc58cbf,00000000bba9673e648c6d6f5ab423317eebdd5ac6c4704dd498d64e6b4302b7
00000000bba9673e648c6d6f5ab423317eebdd5ac6c4704dd498d64e6b4302b7,324887,216,216,864,31523,1,150bf922cb94720ebd877f8810e8aeb52dbbc5756ed8482837994ed975a5dcc8,1,50,0,0,50,2009-12-25 11:08:38 -0500 EST,470054339,1d00ffff,1,00000000c2e51a1ecc68e38caeb12e8fe31b65988f74a0cc7ef368cf4f485d3f,00000000d3d761c869b9f1f1df2e6aeb64242222d2f9e972dbbaa8574e384c78
00000000d3d761c869b9f1f1df2e6aeb64242222d2f9e972dbbaa8574e384c78,324886,216,216,864,31524,1,e14f448a426d68a5fc0c5317133c06ad764192a703de4a4798d4e95a5fc90e6b,1,50,0,0,50,2009-12-25 11:11:27 -0500 EST,51277837,1d00ffff,1,00000000bba9673e648c6d6f5ab423317eebdd5ac6c4704dd498d64e6b4302b7,000000002fe4b9e3bf77c5a2409bf8447136deb343a68c03300a39289cbd2a9f
000000002fe4b9e3bf77c5a2409bf8447136deb343a68c03300a39289cbd2a9f,324885,216,216,864,31525,1,8c2c1666e2a04b34bf2b2a82b70d6770e66ff804bd13a771f1ca96e0b66bb7c8,1,50,0,0,50,2009-12-25 11:20:21 -0500 EST,159458945,1d00ffff,1,00000000d3d761c869b9f1f1df2e6aeb64242222d2f9e972dbbaa8574e384c78,000000007d393c242d680900e6987c006d1f8793a8f4dd91bbfed23959ef92c5
000000007d393c242d680900e6987c006d1f8793a8f4dd91bbfed23959ef92c5,324884,216,216,864,31526,1,d7281e09866df8c59e1e1afd9b317110061cb7039f7eb1e2d00eae3c7685778d,1,50,0,0,50,2009-12-25 11:32:55 -0500 EST,226123889,1d00ffff,1,000000002fe4b9e3bf77c5a2409bf8447136deb343a68c03300a39289cbd2a9f,000000008c8e4c48dd8094525a4aa25dc50500ce3642e816ac8664f22bef9465
000000008c8e4c48dd8094525a4aa25dc50500ce3642e816ac8664f22bef9465,324883,216,216,864,31527,1,68c1f596ad1dda5b1349e352be322eb2dac9342e4bb9fadf75a0be47b1393aa9,1,50,0,0,50,2009-12-25 11:39:42 -0500 EST,133011647,1d00ffff,1,000000007d393c242d680900e6987c006d1f8793a8f4dd91bbfed23959ef92c5,0000000064a83a14894f0b7eb1a9b2e34d37be0c03a1243cc4e8e7f65d985c4e
0000000064a83a14894f0b7eb1a9b2e34d37be0c03a1243cc4e8e7f65d985c4e,324882,216,216,864,31528,1,d8ae64946d1da53232fedd6f7387bbd845a5bd252cec8cffedcdf3999863de2b,1,50,0,0,50,2009-12-25 11:43:04 -0500 EST,50713797,1d00ffff,1,000000008c8e4c48dd8094525a4aa25dc50500ce3642e816ac8664f22bef9465,0000000069dfa835e265f599859b9f7fc2349d9ca10a4918a5bd761cd09bffd6
0000000069dfa835e265f599859b9f7fc2349d9ca10a4918a5bd761cd09bffd6,324881,216,216,864,31529,1,df848bab6f2728f0da48cf727847fa49752ea76f59194a116983d9c802e0b9f0,1,50,0,0,50,2009-12-25 11:50:29 -0500 EST,174395131,1d00ffff,1,0000000064a83a14894f0b7eb1a9b2e34d37be0c03a1243cc4e8e7f65d985c4e,000000001bb8c3b1e2b17547e70b72e798037d488a1bc8378b407ca8cd0bce87
000000001bb8c3b1e2b17547e70b72e798037d488a1bc8378b407ca8cd0bce87,324880,215,215,860,31530,1,4b079dcb9a4b270ae860865d40f4e562901fba421ba390e5682250c6d8fc0b9b,1,50,0,0,50,2009-12-25 12:07:02 -0500 EST,316951165,1d00ffff,1,0000000069dfa835e265f599859b9f7fc2349d9ca10a4918a5bd761cd09bffd6,000000008b4a71c80971bff49ab132f45bcdf9ff882632a1da67cd0e49760e20
000000008b4a71c80971bff49ab132f45bcdf9ff882632a1da67cd0e49760e20,324879,216,216,864,31531,1,f65f6dc13dc6d1ce058ccef8ce7e35c86b2343d61e5e2aa5ef2a43ccf85bb455,1,50,0,0,50,2009-12-25 12:27:28 -0500 EST,3368100117,1d00ffff,1,000000001bb8c3b1e2b17547e70b72e798037d488a1bc8378b407ca8cd0bce87,00000000fe88a4087f43ab51bb33c891dd367b4f0213f62f8e9ad532d6d74718
00000000fe88a4087f43ab51bb33c891dd367b4f0213f62f8e9ad532d6d74718,324878,216,216,864,31532,1,87820b152768f93ea6a53ba8ac50516be8cf1332913c7f887a7c4969561ac542,1,50,0,0,50,2009-12-25 13:25:11 -0500 EST,1507736091,1d00ffff,1,000000008b4a71c80971bff49ab132f45bcdf9ff882632a1da67cd0e49760e20,0000000001399114c9a6c27cc4743c564f4ace54571690b9eb104faf83158b9b
0000000001399114c9a6c27cc4743c564f4ace54571690b9eb104faf83158b9b,324877,216,216,864,31533,1,12cc66ff667423a598178959fd4488497590ecbf6197fbcb77d758152d9c2420,1,50,0,0,50,2009-12-25 13:27:07 -0500 EST,19849672,1d00ffff,1,00000000fe88a4087f43ab51bb33c891dd367b4f0213f62f8e9ad532d6d74718,0000000063f706aeb395dd7dc3bf5f0e0e48bc6bd574cba4f14c3c44a2d5ea3d
0000000063f706aeb395dd7dc3bf5f0e0e48bc6bd574cba4f14c3c44a2d5ea3d,324876,215,215,860,31534,1,10147e93fbd565db9e360b4550c5fbf40143be29aa8069e6fe628edb2095d5c5,1,50,0,0,50,2009-12-25 13:28:47 -0500 EST,41504702,1d00ffff,1,0000000001399114c9a6c27cc4743c564f4ace54571690b9eb104faf83158b9b,00000000a8f6e1a175facb23d9aba5dbbbff96ffe8e1d7928a6c04c0a184c4a8
00000000a8f6e1a175facb23d9aba5dbbbff96ffe8e1d7928a6c04c0a184c4a8,324875,215,215,860,31535,1,4ed3c7a79bf0c4e9806ef62c7cdc32f0aace2fcc198489a150a5facbfe4035cc,1,50,0,0,50,2009-12-25 13:29:47 -0500 EST,16940291,1d00ffff,1,0000000063f706aeb395dd7dc3bf5f0e0e48bc6bd574cba4f14c3c44a2d5ea3d,000000005babe1b75e8d4725ad4f8c7c0df3a73c236ff945cd68ed2cee8969e3
000000005babe1b75e8d4725ad4f8c7c0df3a73c236ff945cd68ed2cee8969e3,324874,216,216,864,31536,1,4f829f34a47c5967a437e556a0456cd72b6ef2bf9f4fe0222242cf64dd5b6ceb,1,50,0,0,50,2009-12-25 13:34:01 -0500 EST,63202844,1d00ffff,1,00000000a8f6e1a175facb23d9aba5dbbbff96ffe8e1d7928a6c04c0a184c4a8,0000000013a23e1856d468bb2f39e8b879f3144df51c42a7661bdbd9c0e303be
0000000013a23e1856d468bb2f39e8b879f3144df51c42a7661bdbd9c0e303be,324873,216,216,864,31537,1,a6b12686840d4e27a932eac79c0021b37b06939aa50e9aea38b7a11bd4fab8da,1,50,0,0,50,2009-12-25 13:39:54 -0500 EST,91873313,1d00ffff,1,000000005babe1b75e8d4725ad4f8c7c0df3a73c236ff945cd68ed2cee8969e3,0000000099c8d7dde25ca6d164c5e3fb2e50ad358bb1d488e339683c2287301d
0000000099c8d7dde25ca6d164c5e3fb2e50ad358bb1d488e339683c2287301d,324872,216,216,864,31538,1,644d70654be454a0d05e7b1a761d639be6d36205eca565024e305b973525aabd,1,50,0,0,50,2009-12-25 13:40:20 -0500 EST,454255113,1d00ffff,1,0000000013a23e1856d468bb2f39e8b879f3144df51c42a7661bdbd9c0e303be,00000000ca23d0d5006b6786deaedbc70322657a13a76253cca643fe248d2ba2
00000000ca23d0d5006b6786deaedbc70322657a13a76253cca643fe248d2ba2,324871,216,216,864,31539,1,b78bda44c11fce40f4b8b46108f78b9466a0352f52a3416838b75fd4b6c3415d,1,50,0,0,50,2009-12-25 13:55:37 -0500 EST,312877999,1d00ffff,1,0000000099c8d7dde25ca6d164c5e3fb2e50ad358bb1d488e339683c2287301d,00000000db91a21117dc7b89d13fb576a516185b946236e77fb64decfcb9f52e
00000000db91a21117dc7b89d13fb576a516185b946236e77fb64decfcb9f52e,324870,215,215,860,31540,1,5b213539d8da9190f09b3c54340d509425d5b875e955be9a296f3b53c1eaa865,1,50,0,0,50,2009-12-25 13:57:44 -0500 EST,16617908,1d00ffff,1,00000000ca23d0d5006b6786deaedbc70322657a13a76253cca643fe248d2ba2,0000000025f686fa5bbbc7b7adefa4354510b8efc9d4fe7cf942fca0dea153c7
0000000025f686fa5bbbc7b7adefa4354510b8efc9d4fe7cf942fca0dea153c7,324869,216,216,864,31541,1,2718a89c66457505482b77050f856141e2d176f00c07e12d6db50cb5d960bd9a,1,50,0,0,50,2009-12-25 14:12:42 -0500 EST,350121070,1d00ffff,1,00000000db91a21117dc7b89d13fb576a516185b946236e77fb64decfcb9f52e,0000000063e932bfac6a8507a6262bc1f8ff458983b0d5524114e3da8cc67058
0000000063e932bfac6a8507a6262bc1f8ff458983b0d5524114e3da8cc67058,324868,215,215,860,31542,1,2448951a783f7535a1fba184e00229789bd12bfa352d7871af55f9adceeb2e4b,1,50,0,0,50,2009-12-25 14:23:29 -0500 EST,239200826,1d00ffff,1,0000000025f686fa5bbbc7b7adefa4354510b8efc9d4fe7cf942fca0dea153c7,00000000a25d1a4bee58c273d296465743fccd9fa17d96791eb6978211262eda
00000000a25d1a4bee58c273d296465743fccd9fa17d96791eb6978211262eda,324867,216,216,864,31543,1,f967e3b906b5211e77fdc2f27068351b99d5459b23b65b70810b1b2430608b11,1,50,0,0,50,2009-12-25 14:28:34 -0500 EST,78052349,1d00ffff,1,0000000063e932bfac6a8507a6262bc1f8ff458983b0d5524114e3da8cc67058,0000000040d9c9e7ad780ca0f24fdaef304c72e9a801d900082378dbaead7d91
0000000040d9c9e7ad780ca0f24fdaef304c72e9a801d900082378dbaead7d91,324866,216,216,864,31544,1,19485f34ea091b4ca284bb4ec63afa55ab6c0838a2aacee5cd4af20499ac313a,1,50,0,0,50,2009-12-25 14:29:18 -0500 EST,1556294173,1d00ffff,1,00000000a25d1a4bee58c273d296465743fccd9fa17d96791eb6978211262eda,00000000b292d4912fcf521e5c7c455a0e347cde6f1e6bb9ba09320ca186a384
00000000b292d4912fcf521e5c7c455a0e347cde6f1e6bb9ba09320ca186a384,324865,216,216,864,31545,1,7906fbe75de7351be3675399d86d8d6ac3aa774d7c928b17c631f24716332f2c,1,50,0,0,50,2009-12-25 14:52:09 -0500 EST,536722162,1d00ffff,1,0000000040d9c9e7ad780ca0f24fdaef304c72e9a801d900082378dbaead7d91,000000009613fc86f6f12c5d25a4e9b7233a42f4b5d9d237229052f62bf1cf1f
000000009613fc86f6f12c5d25a4e9b7233a42f4b5d9d237229052f62bf1cf1f,324864,215,215,860,31546,1,b28a4108a278104b28372e6835c90b19da4c679b325c0a6747917adba4bc497c,1,50,0,0,50,2009-12-25 15:00:44 -0500 EST,200698161,1d00ffff,1,00000000b292d4912fcf521e5c7c455a0e347cde6f1e6bb9ba09320ca186a384,000000005bc5b30052bb80dfbb88ed412d8391119453ebe2bb14f19f77bedb21
000000005bc5b30052bb80dfbb88ed412d8391119453ebe2bb14f19f77bedb21,324863,216,216,864,31547,1,b596635110deb13b76e8e1f1da6124ef7685127933581e54d5ca47a73d188b0d,1,50,0,0,50,2009-12-25 15:12:35 -0500 EST,4268464128,1d00ffff,1,000000009613fc86f6f12c5d25a4e9b7233a42f4b5d9d237229052f62bf1cf1f,000000008fbd12679e41f8e0cccb755277b237523cdf5d732215c6a1d20d28bf
000000008fbd12679e41f8e0cccb755277b237523cdf5d732215c6a1d20d28bf,324862,215,215,860,31548,1,199ef229bc11e19681be551cd1c2368ce2e67b2d7f74b555bd4a47f588380361,1,50,0,0,50,2009-12-25 15:17:57 -0500 EST,86008157,1d00ffff,1,000000005bc5b30052bb80dfbb88ed412d8391119453ebe2bb14f19f77bedb21,00000000e8300a90605c75ac601ad25e4796bc410ef3e22475dddf156da3b5b1
00000000e8300a90605c75ac601ad25e4796bc410ef3e22475dddf156da3b5b1,324861,215,215,860,31549,1,82df7167899f2c2d74dd39e0e440b5714f4ab6da4a5ad5a0f9fd05a85ef922d7,1,50,0,0,50,2009-12-25 15:38:45 -0500 EST,248239570,1d00ffff,1,000000008fbd12679e41f8e0cccb755277b237523cdf5d732215c6a1d20d28bf,000000006f930657cad2761041ecb84dd86d8953311d52eb1cc67c99140ba891
000000006f930657cad2761041ecb84dd86d8953311d52eb1cc67c99140ba891,324860,216,216,864,31550,1,0ac0cc133bc994c9cb279c4a0b48feff62aa828218005a5cdfed36638584594b,1,50,0,0,50,2009-12-25 15:53:07 -0500 EST,164358149,1d00ffff,1,00000000e8300a90605c75ac601ad25e4796bc410ef3e22475dddf156da3b5b1,000000004e408e0a5a6ea108d61234c11c30c0616a497b70bf18eee4f1edaaf1
000000004e408e0a5a6ea108d61234c11c30c0616a497b70bf18eee4f1edaaf1,324859,216,216,864,31551,1,032022bb03ff783803d2bbf25b0090e91573b295f0a523eaca0af01db241bd1f,1,50,0,0,50,2009-12-25 15:59:23 -0500 EST,544534279,1d00ffff,1,000000006f930657cad2761041ecb84dd86d8953311d52eb1cc67c99140ba891,000000006515050dfc30a04e492efb9f569dff0a849749f61b7dc4074887d78b
000000006515050dfc30a04e492efb9f569dff0a849749f61b7dc4074887d78b,324858,216,216,864,31552,1,2b58d8e32ff049d7ca599e979b0e1bd9977e6021cab84f21aeaebd5d3d17efec,1,50,0,0,50,2009-12-25 16:06:47 -0500 EST,138216984,1d00ffff,1,000000004e408e0a5a6ea108d61234c11c30c0616a497b70bf18eee4f1edaaf1,00000000af6c89da4035bb56331264dda2170bb2013698cd2d3a81cb8ef876ec
00000000af6c89da4035bb56331264dda2170bb2013698cd2d3a81cb8ef876ec,324857,216,216,864,31553,1,c8a091d5163e969f901a42fe11f2046e8d592e5b1e80917e63531c5eda06fbbb,1,50,0,0,50,2009-12-25 16:58:03 -0500 EST,919139128,1d00ffff,1,000000006515050dfc30a04e492efb9f569dff0a849749f61b7dc4074887d78b,00000000be03bfdb1f981c203d37b2f378eeec2c47cda81ea9b4d1550824f519
00000000be03bfdb1f981c203d37b2f378eeec2c47cda81ea9b4d1550824f519,324856,216,216,864,31554,1,c6e1964a8942a82526835a170b71d225832e29547af3460fe2f694447063fed1,1,50,0,0,50,2009-12-25 17:13:21 -0500 EST,353972161,1d00ffff,1,00000000af6c89da4035bb56331264dda2170bb2013698cd2d3a81cb8ef876ec,0000000050e241c508790c8a10377534b9bfb304493938664c1a48e4b7003be2
0000000050e241c508790c8a10377534b9bfb304493938664c1a48e4b7003be2,324855,215,215,860,31555,1,df0f11892ac361f922d0751c9a55587ed86a7b822dbe93cbbcafb4dceaa250f7,1,50,0,0,50,2009-12-25 17:18:50 -0500 EST,74398396,1d00ffff,1,00000000be03bfdb1f981c203d37b2f378eeec2c47cda81ea9b4d1550824f519,0000000062c6023bfaebf69c31020d5cc7b16d5a61cd92b6ca7934a9fcc419c0
0000000062c6023bfaebf69c31020d5cc7b16d5a61cd92b6ca7934a9fcc419c0,324854,216,216,864,31556,1,3f0b5ba4889cec8f7068115d29729067709be719801537bea7f401eca62a47ba,1,50,0,0,50,2009-12-25 17:23:21 -0500 EST,880441858,1d00ffff,1,0000000050e241c508790c8a10377534b9bfb304493938664c1a48e4b7003be2,00000000b66f63d71827c6b849578289b001ca1d56abf23910cb9d77e55df4e3
00000000b66f63d71827c6b849578289b001ca1d56abf23910cb9d77e55df4e3,324853,216,216,864,31557,1,c77e959230737a71d505dccdf7a870a2bd3ac60b3b7ab0485bf02584e55523b4,1,50,0,0,50,2009-12-25 18:06:17 -0500 EST,4158306567,1d00ffff,1,0000000062c6023bfaebf69c31020d5cc7b16d5a61cd92b6ca7934a9fcc419c0,00000000ab7a34950f305db708125ebb2340b6c314e387a6b3fe125580dc8a02
00000000ab7a34950f305db708125ebb2340b6c314e387a6b3fe125580dc8a02,324852,216,216,864,31558,1,fac64a6b9693d13f66f8794bb6982cffc181ca78a42b115f240219de45199ef4,1,50,0,0,50,2009-12-25 18:08:46 -0500 EST,43874477,1d00ffff,1,00000000b66f63d71827c6b849578289b001ca1d56abf23910cb9d77e55df4e3,000000005d3a9cc0a652d43e49e5b0e8202381c751fc9ad1edfe0657b712d785
000000005d3a9cc0a652d43e49e5b0e8202381c751fc9ad1edfe0657b712d785,324851,216,216,864,31559,1,cf57544a9c3ed53c67a2f18b50dc6f13dcdc59a23cc129da4ec7f0e8fb3f3d07,1,50,0,0,50,2009-12-25 18:36:43 -0500 EST,656924265,1d00ffff,1,00000000ab7a34950f305db708125ebb2340b6c314e387a6b3fe125580dc8a02,000000004c26d301c7e63f14480f28112219914bcb563b3f608e29c6788e8a45
000000004c26d301c7e63f14480f28112219914bcb563b3f608e29c6788e8a45,324850,216,216,864,31560,1,6b4c11254e97175bb10b789727900c921d623f6e19c0166777a13665e1d485b7,1,50,0,0,50,2009-12-25 18:38:08 -0500 EST,25167709,1d00ffff,1,000000005d3a9cc0a652d43e49e5b0e8202381c751fc9ad1edfe0657b712d785,000000004f5fc437b41ff7b8f8199bd4cf40c4e71227dd5c84f2086f343ff68c
000000004f5fc437b41ff7b8f8199bd4cf40c4e71227dd5c84f2086f343ff68c,324849,216,216,864,31561,1,192bdf2c8f1900338529bf201ebfeb0d15ed954b9aaeb7bbfaa063a221659abd,1,50,0,0,50,2009-12-25 18:39:39 -0500 EST,33242738,1d00ffff,1,000000004c26d301c7e63f14480f28112219914bcb563b3f608e29c6788e8a45,000000003134a4c10ef706dfbf4cb99ae11cf992efb8244ccc2331b11412fb80
000000003134a4c10ef706dfbf4cb99ae11cf992efb8244ccc2331b11412fb80,324848,215,215,860,31562,1,7d7d1f6a8e4d6cf4705120b3100a0dd388cbdeb089c04bf3053234b45a2ff1ec,1,50,0,0,50,2009-12-25 19:03:32 -0500 EST,366845771,1d00ffff,1,000000004f5fc437b41ff7b8f8199bd4cf40c4e71227dd5c84f2086f343ff68c,00000000f515175da7e2ca1cb1242ff1ae458cb4639df31c20d1b3a7e9c888c8
00000000f515175da7e2ca1cb1242ff1ae458cb4639df31c20d1b3a7e9c888c8,324847,216,216,864,31563,1,de67d73424c5108c01c339514a2aec1524bf4cced7fbf6a1e63a5233a9c358a7,1,50,0,0,50,2009-12-25 19:14:17 -0500 EST,650611208,1d00ffff,1,000000003134a4c10ef706dfbf4cb99ae11cf992efb8244ccc2331b11412fb80,0000000007b787d63caa77faed198801e7c88191da7d359ed76cbc1402841aad
0000000007b787d63caa77faed198801e7c88191da7d359ed76cbc1402841aad,324846,216,216,864,31564,1,0f08e30f11124266b3f4fd11761f1e0fbb80cb074499c30b8565e3f1aafd53d0,1,50,0,0,50,2009-12-25 19:24:54 -0500 EST,2277458967,1d00ffff,1,00000000f515175da7e2ca1cb1242ff1ae458cb4639df31c20d1b3a7e9c888c8,00000000e094ee51346d72ecdcd2dac2ff2abd36ae07342c2d5218d04ef6138d
00000000e094ee51346d72ecdcd2dac2ff2abd36ae07342c2d5218d04ef6138d,324845,215,215,860,31565,1,b2c55cf0dd1ef40199644d22668bc53c40edc19bed96688f58d30949b8c4d22a,1,50,0,0,50,2009-12-25 19:40:50 -0500 EST,110853003,1d00ffff,1,0000000007b787d63caa77faed198801e7c88191da7d359ed76cbc1402841aad,000000009fadbfa814136c2741f49fd77a10cf8d85c7803af7b717beda1be3a4
000000009fadbfa814136c2741f49fd77a10cf8d85c7803af7b717beda1be3a4,324844,216,216,864,31566,1,8105ec0218e7bc0d39b1908c9c6f942ef362911737b1448c1b4be08e7486606b,1,50,0,0,50,2009-12-25 19:43:08 -0500 EST,29463514,1d00ffff,1,00000000e094ee51346d72ecdcd2dac2ff2abd36ae07342c2d5218d04ef6138d,00000000f9c78f8280372e29b5b8a4f15f16b65163612bb4ffb10288fb648ceb
00000000f9c78f8280372e29b5b8a4f15f16b65163612bb4ffb10288fb648ceb,324843,216,216,864,31567,1,1bc9758e7e872bb49244e033ba23ca65791d7daa94a63ef1d9f31d42afa1c71c,1,50,0,0,50,2009-12-25 19:52:06 -0500 EST,11538184,1d00ffff,1,000000009fadbfa814136c2741f49fd77a10cf8d85c7803af7b717beda1be3a4,000000005d0c3a82dab04ce3f41583260991341154c60e353f7747e5ea4d8de7
000000005d0c3a82dab04ce3f41583260991341154c60e353f7747e5ea4d8de7,324842,216,216,864,31568,1,ba562fa44a17b40e50ff54c59ebc1fc1995ff032bf66e8e1b3945a16af7532cb,1,50,0,0,50,2009-12-25 20:15:43 -0500 EST,575332119,1d00ffff,1,00000000f9c78f8280372e29b5b8a4f15f16b65163612bb4ffb10288fb648ceb,00000000a13c2933dbbece8fcafa63aae7feccd20cf27ed6185d57f000cdffbb
00000000a13c2933dbbece8fcafa63aae7feccd20cf27ed6185d57f000cdffbb,324841,216,216,864,31569,1,f01f827ee6cf174a3cd053c6d6a7115cc35cc63448164603cffd4a6239866af7,1,50,0,0,50,2009-12-25 20:39:14 -0500 EST,3096192769,1d00ffff,1,000000005d0c3a82dab04ce3f41583260991341154c60e353f7747e5ea4d8de7,0000000028ac2dc731dd3acbf6ed61fadb1e8588d3736fb3e2ba5e57338b520a
0000000028ac2dc731dd3acbf6ed61fadb1e8588d3736fb3e2ba5e57338b520a,324840,215,215,860,31570,1,3fc6effef944b9c89a99cf632b1f202b4d6ed94f24a40fe826d97d715c69c33e,1,50,0,0,50,2009-12-25 20:42:36 -0500 EST,84948540,1d00ffff,1,00000000a13c2933dbbece8fcafa63aae7feccd20cf27ed6185d57f000cdffbb,0000000031990c2c45516c9f2ed0018c1d94915e89fd9d25736080a9ea95b63d
0000000031990c2c45516c9f2ed0018c1d94915e89fd9d25736080a9ea95b63d,324839,215,215,860,31571,1,94f76a1f5a6b3c4d817af062bee6ed0531a8c34bdcaf81b7ab6c7b7a632a8813,1,50,0,0,50,2009-12-25 20:59:22 -0500 EST,404955492,1d00ffff,1,0000000028ac2dc731dd3acbf6ed61fadb1e8588d3736fb3e2ba5e57338b520a,0000000007fc66123c213b8b8f63f41bc45d52323d5dee257f8e72e4c73fc652
0000000007fc66123c213b8b8f63f41bc45d52323d5dee257f8e72e4c73fc652,324838,215,215,860,31572,1,2eec4bc70f09f9594f1c36c63bf842ce56bf00d928ec6ffaf5d43a7c349a8f38,1,50,0,0,50,2009-12-25 21:01:13 -0500 EST,48165393,1d00ffff,1,0000000031990c2c45516c9f2ed0018c1d94915e89fd9d25736080a9ea95b63d,00000000ff701290b75d642b533e37088e3b736d15d558acd45ab678d2efd4ec
00000000ff701290b75d642b533e37088e3b736d15d558acd45ab678d2efd4ec,324837,215,215,860,31573,1,7839c94c9bb43cbeca47c1de729923bce020a22b638332d07d4cc10ea08bf80b,1,50,0,0,50,2009-12-25 21:24:44 -0500 EST,362229844,1d00ffff,1,0000000007fc66123c213b8b8f63f41bc45d52323d5dee257f8e72e4c73fc652,00000000b5563a8cb8c69f20d6667e3e7f23ba23d3b18b79a2e96fb99838fed9
00000000b5563a8cb8c69f20d6667e3e7f23ba23d3b18b79a2e96fb99838fed9,324836,216,216,864,31574,1,5a82720eb1f2bd126351e688951f80b70fb01a7ffd56cc0a9cab7b3561737e0d,1,50,0,0,50,2009-12-25 21:34:38 -0500 EST,3033103363,1d00ffff,1,00000000ff701290b75d642b533e37088e3b736d15d558acd45ab678d2efd4ec,00000000b542d206f790ae9162f0b50ba100f9e77cdbff773c27f696407e679d
00000000b542d206f790ae9162f0b50ba100f9e77cdbff773c27f696407e679d,324835,216,216,864,31575,1,cdc8681ac5b0af51384056644c59d0587f57c60927540db1b1e31dca8987bab5,1,50,0,0,50,2009-12-25 21:47:44 -0500 EST,305307371,1d00ffff,1,00000000b5563a8cb8c69f20d6667e3e7f23ba23d3b18b79a2e96fb99838fed9,00000000e74aa432e190e1ddea3d43c56d29e1e488b6b33b74aef9f56519cece
00000000e74aa432e190e1ddea3d43c56d29e1e488b6b33b74aef9f56519cece,324834,216,216,864,31576,1,a5b59579bd854f5f04681f507f562df8c40ccd3ed64ab3dc39f036c202f0a5d1,1,50,0,0,50,2009-12-25 21:48:40 -0500 EST,983509786,1d00ffff,1,00000000b542d206f790ae9162f0b50ba100f9e77cdbff773c27f696407e679d,00000000ffe3cf2a3904cbfe6b3808936d85169a7f520ba413e3652dae432ae1
00000000ffe3cf2a3904cbfe6b3808936d85169a7f520ba413e3652dae432ae1,324833,216,216,864,31577,1,fea7640d7604a364ca195b3ee318057fcedb07cf06a2863870b2e85000e20fa9,1,50,0,0,50,2009-12-25 22:05:50 -0500 EST,1874870813,1d00ffff,1,00000000e74aa432e190e1ddea3d43c56d29e1e488b6b33b74aef9f56519cece,00000000b1d3a5cdac53f9d412766a8adfed9580ca81b053d5a17794ed0d3214
00000000b1d3a5cdac53f9d412766a8adfed9580ca81b053d5a17794ed0d3214,324832,215,215,860,31578,1,d126dc4126f926c3fe9f803657bb391a7772b8c41f10f56fe06f30a47d20432e,1,50,0,0,50,2009-12-25 22:08:22 -0500 EST,55614585,1d00ffff,1,00000000ffe3cf2a3904cbfe6b3808936d85169a7f520ba413e3652dae432ae1,0000000001cdd99fcdc0576b5d8421165eaa897c3977b6db025d4c5fe7c2e75d
0000000001cdd99fcdc0576b5d8421165eaa897c3977b6db025d4c5fe7c2e75d,324831,215,215,860,31579,1,2138800d02d7de9e6d95ed9363e4b914ad919f4a1c2c7e3a58cb52e5c355637b,1,50,0,0,50,2009-12-25 22:10:38 -0500 EST,57297593,1d00ffff,1,00000000b1d3a5cdac53f9d412766a8adfed9580ca81b053d5a17794ed0d3214,00000000c27ef839b18472930bcc554cf9a86a171175692b30267b9a27a6faf2
00000000c27ef839b18472930bcc554cf9a86a171175692b30267b9a27a6faf2,324830,215,215,860,31580,1,fe83bc8eb4b9ef81e43326a47afe17ad4269d17232c8375014a4113a52532548,1,50,0,0,50,2009-12-25 22:15:30 -0500 EST,113254147,1d00ffff,1,0000000001cdd99fcdc0576b5d8421165eaa897c3977b6db025d4c5fe7c2e75d,000000002f7bc44ca09045aefa111fa552d3524ac47eaf2532369936f5bb1831
000000002f7bc44ca09045aefa111fa552d3524ac47eaf2532369936f5bb1831,324829,216,216,864,31581,1,96c0174aed079a8789757f2a0db01f842d73d0a3648eeab2b5c7aaa54ce879f7,1,50,0,0,50,2009-12-25 22:17:57 -0500 EST,45107713,1d00ffff,1,00000000c27ef839b18472930bcc554cf9a86a171175692b30267b9a27a6faf2,00000000d816e024c230371c63d5d2a7e32a7e6fc575d096824312a752fdb0c9
00000000d816e024c230371c63d5d2a7e32a7e6fc575d096824312a752fdb0c9,324828,216,216,864,31582,1,5b11e0d0c449d1fcffcfc900fb77d944ef1053a1205547b5972bf303ae128e33,1,50,0,0,50,2009-12-25 22:23:02 -0500 EST,106010111,1d00ffff,1,000000002f7bc44ca09045aefa111fa552d3524ac47eaf2532369936f5bb1831,00000000f945d19a2f9cceda3f200a35e20decd6f35124cfc16d16d611fda8a1
00000000f945d19a2f9cceda3f200a35e20decd6f35124cfc16d16d611fda8a1,324827,216,216,864,31583,1,ba451a26fd2a28f9547e010a84ab7bcd0a5d9540455c61be14f738ca81732b4f,1,50,0,0,50,2009-12-25 22:33:22 -0500 EST,218501904,1d00ffff,1,00000000d816e024c230371c63d5d2a7e32a7e6fc575d096824312a752fdb0c9,000000005fc8f15c3ec247407f3e70815694ca6a712613bec04aa950c826b660
000000005fc8f15c3ec247407f3e70815694ca6a712613bec04aa950c826b660,324826,215,215,860,31584,1,876efef72c036dd24b893c89cb1f742efe57b25939d6d4cba2f95d77d19826f1,1,50,0,0,50,2009-12-25 22:34:36 -0500 EST,18662693,1d00ffff,1,00000000f945d19a2f9cceda3f200a35e20decd6f35124cfc16d16d611fda8a1,000000008cc3a120c6c3c3683cc1d6f8c4c28b24207ccc7d49b97c05ba692b92
000000008cc3a120c6c3c3683cc1d6f8c4c28b24207ccc7d49b97c05ba692b92,324825,215,215,860,31585,1,804997f2171cc4d31d5e6e9b3f08893ebbda7724368306fe8c302456c7b3434f,1,50,0,0,50,2009-12-25 22:38:28 -0500 EST,59473316,1d00ffff,1,000000005fc8f15c3ec247407f3e70815694ca6a712613bec04aa950c826b660,00000000f15c361f44ee008bd2834ec69504b11ba0deccc33e33d884b2c5f48a
00000000f15c361f44ee008bd2834ec69504b11ba0deccc33e33d884b2c5f48a,324824,216,216,864,31586,1,cee4341d2e2fbfa57a35d52b4af64a66f2c4adf4cee8fe30c251507af8c2ae09,1,50,0,0,50,2009-12-25 22:57:59 -0500 EST,408210692,1d00ffff,1,000000008cc3a120c6c3c3683cc1d6f8c4c28b24207ccc7d49b97c05ba692b92,000000009f4c900d8e7abf536e06b5ba0ae853d19e14d1a6ea9d2ed025fdd6dc
000000009f4c900d8e7abf536e06b5ba0ae853d19e14d1a6ea9d2ed025fdd6dc,324823,216,216,864,31587,1,920daea40ee69b88b9501824e77c1618187e5ece5b03780d1e112e852234b29c,1,50,0,0,50,2009-12-25 23:00:07 -0500 EST,45421336,1d00ffff,1,00000000f15c361f44ee008bd2834ec69504b11ba0deccc33e33d884b2c5f48a,00000000c23473c2b33fdeccc94288403199d249b69643ffc702ae4d8f6b4cfc
00000000c23473c2b33fdeccc94288403199d249b69643ffc702ae4d8f6b4cfc,324822,216,216,864,31588,1,e4a6a54075df627e4cf7457a6e6566ca971bb4130f560f2f3d67c45bd2eaf405,1,50,0,0,50,2009-12-25 23:01:14 -0500 EST,20692157,1d00ffff,1,000000009f4c900d8e7abf536e06b5ba0ae853d19e14d1a6ea9d2ed025fdd6dc,000000003c1582a8eea12067ddd49b0353291f1ec88c44848f75334b5edca77e
000000003c1582a8eea12067ddd49b0353291f1ec88c44848f75334b5edca77e,324821,216,216,864,31589,1,4a6211b7b5bf6fe82b204f780d5fe1d85e473c4b97bb2984f7ce67a8afc1a5de,1,50,0,0,50,2009-12-25 23:05:50 -0500 EST,86648840,1d00ffff,1,00000000c23473c2b33fdeccc94288403199d249b69643ffc702ae4d8f6b4cfc,0000000023c0cfbad036417ab0cdb156618abe7db84ee12dbb83b1aec7a1b634
0000000023c0cfbad036417ab0cdb156618abe7db84ee12dbb83b1aec7a1b634,324820,216,216,864,31590,1,ce0e8e3ab0958026c5dc124b184372aed9f4d57f6f9531bccd192cf59b117b94,1,50,0,0,50,2009-12-25 23:31:47 -0500 EST,543391906,1d00ffff,1,000000003c1582a8eea12067ddd49b0353291f1ec88c44848f75334b5edca77e,000000007470478f6223734cf5ccb4484154d0dbeb3017f5d30647df08c60f7e
000000007470478f6223734cf5ccb4484154d0dbeb3017f5d30647df08c60f7e,324819,216,216,864,31591,1,3387a2c65d3f7d5fc86801d3b69bc1d14846c4d76125ed3c5d842c5ef1ea156f,1,50,0,0,50,2009-12-25 23:44:39 -0500 EST,271978370,1d00ffff,1,0000000023c0cfbad036417ab0cdb156618abe7db84ee12dbb83b1aec7a1b634,00000000a90bf41bc447a2e4d74d4a910c618f6f017061d0de19298b5bdf3bac
00000000a90bf41bc447a2e4d74d4a910c618f6f017061d0de19298b5bdf3bac,324818,215,215,860,31592,1,840cdaf190abe0c11cf3e94c5496d45da3a9002cae72274e352e26e1a7f12cf9,1,50,0,0,50,2009-12-25 23:52:15 -0500 EST,115680897,1d00ffff,1,000000007470478f6223734cf5ccb4484154d0dbeb3017f5d30647df08c60f7e,000000005c2a5a32521499a00a18c629d866786252a7938883d6d38b032d53c0
000000005c2a5a32521499a00a18c629d866786252a7938883d6d38b032d53c0,324817,216,216,864,31593,1,96a9406ee9832c84b6539b419414ce42d677ed595f089a7677f220003a382008,1,50,0,0,50,2009-12-26 00:12:42 -0500 EST,376815761,1d00ffff,1,00000000a90bf41bc447a2e4d74d4a910c618f6f017061d0de19298b5bdf3bac,00000000913a2d434da06f07101570c674eda29ce0843763d742765bba8b2045
00000000913a2d434da06f07101570c674eda29ce0843763d742765bba8b2045,324816,216,216,864,31594,1,08f33edfe3065473a31a58b18e9a064f5d6322eee7cf1de38fcdd117e317ca1d,1,50,0,0,50,2009-12-26 00:27:17 -0500 EST,4147270913,1d00ffff,1,000000005c2a5a32521499a00a18c629d866786252a7938883d6d38b032d53c0,00000000875b8a17019cfbe5affee90af1cd2f390783124f1d8d23caed18cdb6
00000000875b8a17019cfbe5affee90af1cd2f390783124f1d8d23caed18cdb6,324815,215,215,860,31595,1,3e0830c0cccae2e1d9adcfd7527743a65ef1392b9253b7e0ddb07256afe70e30,1,50,0,0,50,2009-12-26 00:29:09 -0500 EST,41954720,1d00ffff,1,00000000913a2d434da06f07101570c674eda29ce0843763d742765bba8b2045,000000005f21d742f395869d48c198a5007200a0e20f6e3586a49f4e66734ea4
000000005f21d742f395869d48c198a5007200a0e20f6e3586a49f4e66734ea4,324814,216,216,864,31596,1,97c4336516cc5b772ade2a031eae6314ad2d841c9e5797db0955c89d6e3d130e,1,50,0,0,50,2009-12-26 00:30:50 -0500 EST,31914509,1d00ffff,1,00000000875b8a17019cfbe5affee90af1cd2f390783124f1d8d23caed18cdb6,0000000057e699b85a26f1712c20a8fd19b7f32cbc9cf29df9d941025f4478a3
0000000057e699b85a26f1712c20a8fd19b7f32cbc9cf29df9d941025f4478a3,324813,216,216,864,31597,1,7fd80da39ab01b9801a1afe983a86a466902de54a464e3293671ff5f40318704,1,50,0,0,50,2009-12-26 00:39:48 -0500 EST,168252919,1d00ffff,1,000000005f21d742f395869d48c198a5007200a0e20f6e3586a49f4e66734ea4,00000000e21481b4cf49b71477371c8b843cf28f31e0c59d6dae20a4e283898a
00000000e21481b4cf49b71477371c8b843cf28f31e0c59d6dae20a4e283898a,324812,216,216,864,31598,1,53d3c1bbbf1659fec526d223c08dd73342c5bf991d8b0fb12e272f9cba616aca,1,50,0,0,50,2009-12-26 00:43:51 -0500 EST,93154089,1d00ffff,1,0000000057e699b85a26f1712c20a8fd19b7f32cbc9cf29df9d941025f4478a3,000000006811ef923283943bcbb0c2ee556ac67b5ce1b3b1f52e440cb89920e9
000000006811ef923283943bcbb0c2ee556ac67b5ce1b3b1f52e440cb89920e9,324811,216,216,864,31599,1,c2051edb494f675112ef3fea92ebabe2b03b67980078e40b37b60c438bf91035,1,50,0,0,50,2009-12-26 00:56:49 -0500 EST,233073112,1d00ffff,1,00000000e21481b4cf49b71477371c8b843cf28f31e0c59d6dae20a4e283898a,00000000eb336d427cc7864d2fc8e8a62dda629c6b7f3b8e652dd71c1a0100bf
00000000eb336d427cc7864d2fc8e8a62dda629c6b7f3b8e652dd71c1a0100bf,324810,216,216,864,31600,1,f219ac7ac5546fb7b5f2824e9d713ef863ca5884b89db8bd5ae7b11c458c46b7,1,50,0,0,50,2009-12-26 00:57:52 -0500 EST,4264095511,1d00ffff,1,000000006811ef923283943bcbb0c2ee556ac67b5ce1b3b1f52e440cb89920e9,0000000071e96a203f6605e7dea438d8b6615b00e3bb5e0471e0e6657f2deee8
